Id,feature1,feature2,labels
1,1.0528404091761747,0.8366903968030082,2
2,-1.4520229204375532,-0.1839418762797389,2
3,-0.6772550177076339,-1.1266906390223037,1
4,-0.2552997954439644,2.6703548491536777,2
5,-0.2783410388168985,-0.3853748903478359,2
6,-0.5279259261373439,-0.3047269009351661,2
7,-1.6713533638145766,-0.7737377670646922,2
8,3.809357653181797,-0.7325731723069501,2
9,-1.2009396436187216,-0.9142401629624624,1
10,-0.2685690100658469,0.8636654100796434,1
