Id,feature1,feature2,labels
1,-1.2603599147518765,-1.1952308559749556,1
2,-1.488334453234225,0.1850233646532666,2
3,-1.2940952529021186,-1.6620040059494443,2
4,-0.065140279951272,1.0479301094966942,2
5,-0.5629549012395799,0.3831580832024081,1
6,4.716125384310691,-0.9887086928981556,1
7,0.8131549346770258,2.081348622628406,2
8,-0.8583955169086432,0.1484833748417813,1
9,-1.1244326088795351,-0.3580146269757215,1
10,-0.9978399334500756,-2.355284573362576,1
